<tree id="10" edgedefault="directed">
<node Id="0" Action="null" Cost="0.0" Estado_Agente="Estado del Drone:
Ciudad:
Intensidad en A1: 0
  Intensidad en A1M1: 0
    Intesidad en A1M1B1: 2
    Intesidad en A1M1B2: 1
    Intesidad en A1M1B5: 0
    Intesidad en A1M1B7: 2

Energia Inicial: 1000
Energia Gastada: 900
Victimarios Encontrados: 0
Energia Inicial: 1000
Locacion Actual: A1M1B7
Direccion Victimario: 
NORTE: false
NORESTE: false
ESTE: false
SURESTE: false
SUR: true
SUROESTE: false
OESTE: false
NOROESTE: false
ESQUINA ACTUAL: false
"/>
<node Id="1" Action="MoverLocacionE" Cost="-1.0" Estado_Agente="Estado del Drone:
Ciudad:
Intensidad en A1: 0
  Intensidad en A1M1: 0
    Intesidad en A1M1B1: 2
    Intesidad en A1M1B2: 1
    Intesidad en A1M1B5: 0
    Intesidad en A1M1B7: 2

Energia Inicial: 1000
Energia Gastada: 900
Victimarios Encontrados: 0
Energia Inicial: 1000
Locacion Actual: A1M1B2
Direccion Victimario: 
NORTE: false
NORESTE: false
ESTE: false
SURESTE: false
SUR: true
SUROESTE: false
OESTE: false
NOROESTE: false
ESQUINA ACTUAL: false
"/>
<node Id="2" Action="MoverLocacionS" Cost="-1.0" Estado_Agente="Estado del Drone:
Ciudad:
Intensidad en A1: 0
  Intensidad en A1M1: 0
    Intesidad en A1M1B1: 2
    Intesidad en A1M1B2: 1
    Intesidad en A1M1B5: 0
    Intesidad en A1M1B7: 2

Energia Inicial: 1000
Energia Gastada: 900
Victimarios Encontrados: 0
Energia Inicial: 1000
Locacion Actual: A1M1B7
Direccion Victimario: 
NORTE: false
NORESTE: false
ESTE: false
SURESTE: false
SUR: true
SUROESTE: false
OESTE: false
NOROESTE: false
ESQUINA ACTUAL: false
"/>
<node Id="3" Action="Subir" Cost="-1.0" Estado_Agente="Estado del Drone:
Ciudad:
Intensidad en A1: 0
  Intensidad en A1M1: 0
    Intesidad en A1M1B1: 2
    Intesidad en A1M1B2: 1
    Intesidad en A1M1B5: 0
    Intesidad en A1M1B7: 2

Energia Inicial: 1000
Energia Gastada: 1000
Victimarios Encontrados: 0
Energia Inicial: 1000
Locacion Actual: A1M1
Direccion Victimario: 
NORTE: false
NORESTE: false
ESTE: false
SURESTE: false
SUR: true
SUROESTE: false
OESTE: false
NOROESTE: false
ESQUINA ACTUAL: false
"/>
<node Id="4" Action="MoverLocacionS" Cost="-2.0" Estado_Agente="Estado del Drone:
Ciudad:
Intensidad en A1: 0
  Intensidad en A1M1: 0
    Intesidad en A1M1B1: 2
    Intesidad en A1M1B2: 1
    Intesidad en A1M1B5: 0
    Intesidad en A1M1B7: 2

Energia Inicial: 1000
Energia Gastada: 1050
Victimarios Encontrados: 0
Energia Inicial: 1000
Locacion Actual: A1M1B5
Direccion Victimario: 
NORTE: false
NORESTE: false
ESTE: false
SURESTE: false
SUR: true
SUROESTE: false
OESTE: false
NOROESTE: false
ESQUINA ACTUAL: false
"/>
<node Id="5" Action="MoverLocacionO" Cost="-2.0" Estado_Agente="Estado del Drone:
Ciudad:
Intensidad en A1: 0
  Intensidad en A1M1: 0
    Intesidad en A1M1B1: 2
    Intesidad en A1M1B2: 1
    Intesidad en A1M1B5: 0
    Intesidad en A1M1B7: 2

Energia Inicial: 1000
Energia Gastada: 1000
Victimarios Encontrados: 0
Energia Inicial: 1000
Locacion Actual: A1M1B1
Direccion Victimario: 
NORTE: false
NORESTE: false
ESTE: false
SURESTE: false
SUR: true
SUROESTE: false
OESTE: false
NOROESTE: false
ESQUINA ACTUAL: false
"/>
<node Id="6" Action="IdentificarVictimario" Cost="-2.0" Estado_Agente="Estado del Drone:
Ciudad:
Intensidad en A1: 0
  Intensidad en A1M1: 0
    Intesidad en A1M1B1: 2
    Intesidad en A1M1B2: 1
    Intesidad en A1M1B5: 0
    Intesidad en A1M1B7: 2

Energia Inicial: 1000
Energia Gastada: 900
Victimarios Encontrados: 0
Energia Inicial: 1000
Locacion Actual: A1M1B7
Direccion Victimario: 
NORTE: false
NORESTE: false
ESTE: false
SURESTE: false
SUR: true
SUROESTE: false
OESTE: false
NOROESTE: false
ESQUINA ACTUAL: false
"/>
<node Id="7" Action="MoverLocacionN" Cost="-2.0" Estado_Agente="Estado del Drone:
Ciudad:
Intensidad en A1: 0
  Intensidad en A1M1: 0
    Intesidad en A1M1B1: 2
    Intesidad en A1M1B2: 1
    Intesidad en A1M1B5: 0
    Intesidad en A1M1B7: 2

Energia Inicial: 1000
Energia Gastada: 1000
Victimarios Encontrados: 0
Energia Inicial: 1000
Locacion Actual: A1M1B1
Direccion Victimario: 
NORTE: false
NORESTE: false
ESTE: false
SURESTE: false
SUR: true
SUROESTE: false
OESTE: false
NOROESTE: false
ESQUINA ACTUAL: false
"/>
<edge source="0" target="1"/>
<edge source="0" target="2"/>
<edge source="0" target="3"/>
<edge source="1" target="4"/>
<edge source="1" target="5"/>
<edge source="2" target="6"/>
<edge source="2" target="7"/>
</tree>
